legal_code,district,legal_dong,page_dong
11110101,종로구,청운동,청운효자동
11110102,종로구,신교동,청운효자동
11110103,종로구,궁정동,청운효자동
11110104,종로구,효자동,청운효자동
11110105,종로구,창성동,청운효자동
11110106,종로구,통의동,사직동
11110107,종로구,적선동,사직동
11110108,종로구,통인동,청운효자동
11110109,종로구,누상동,청운효자동
11110110,종로구,누하동,청운효자동
11110111,종로구,옥인동,청운효자동
11110112,종로구,체부동,사직동
11110113,종로구,필운동,사직동
11110114,종로구,내자동,사직동
11110115,종로구,사직동,사직동
11110116,종로구,도렴동,사직동
11110117,종로구,당주동,사직동
11110118,종로구,내수동,사직동
11110119,종로구,세종로,청운효자동
11110120,종로구,신문로1가,사직동
11110121,종로구,신문로2가,사직동
11110122,종로구,청진동,종로동
11110123,종로구,서린동,종로동
11110124,종로구,수송동,종로동
11110125,종로구,중학동,종로동
11110126,종로구,종로1가,종로동
11110127,종로구,공평동,종로동
11110128,종로구,관훈동,종로동
11110129,종로구,견지동,종로동
11110130,종로구,와룡동,종로동
11110131,종로구,권농동,종로동
11110132,종로구,운니동,종로동
11110133,종로구,익선동,종로동
11110134,종로구,경운동,종로동
11110135,종로구,관철동,종로동
11110136,종로구,인사동,종로동
11110137,종로구,낙원동,종로동
11110138,종로구,종로2가,종로동
11110139,종로구,팔판동,삼청동
11110140,종로구,삼청동,삼청동
11110141,종로구,안국동,삼청동
11110142,종로구,소격동,삼청동
11110143,종로구,화동,삼청동
11110144,종로구,사간동,삼청동
11110145,종로구,송현동,삼청동
11110146,종로구,가회동,가회동
11110147,종로구,재동,가회동
11110148,종로구,계동,가회동
11110149,종로구,원서동,가회동
11110150,종로구,훈정동,종로동
11110151,종로구,묘동,종로동
11110152,종로구,봉익동,종로동
11110153,종로구,돈의동,종로동
11110154,종로구,장사동,종로동
11110155,종로구,관수동,종로동
11110156,종로구,종로3가,종로동
11110157,종로구,인의동,종로동
11110158,종로구,예지동,종로동
11110159,종로구,원남동,종로동
11110160,종로구,연지동,종로동
11110161,종로구,종로4가,종로동
11110162,종로구,효제동,종로동
11110163,종로구,종로5가,종로동
11110164,종로구,종로6가,종로동
11110165,종로구,이화동,이화동
11110166,종로구,연건동,이화동
11110167,종로구,충신동,종로동
11110168,종로구,동숭동,이화동
11110169,종로구,혜화동,혜화동
11110170,종로구,명륜1가,혜화동
11110171,종로구,명륜2가,혜화동
11110172,종로구,명륜4가,혜화동
11110173,종로구,명륜3가,혜화동
11110174,종로구,창신동,창신동
11110175,종로구,숭인동,숭인동
11110176,종로구,교남동,교남동
11110177,종로구,평동,교남동
11110178,종로구,송월동,교남동
11110179,종로구,홍파동,교남동
11110180,종로구,교북동,교남동
11110181,종로구,행촌동,교남동
11110182,종로구,구기동,평창동
11110183,종로구,평창동,평창동
11110184,종로구,부암동,부암동
11110185,종로구,홍지동,부암동
11110186,종로구,신영동,부암동
11110187,종로구,무악동,무악동
11140101,중구,무교동,명동
11140102,중구,다동,명동
11140103,중구,태평로1가,명동
11140104,중구,을지로1가,명동
11140105,중구,을지로2가,명동
11140106,중구,남대문로1가,명동
11140107,중구,삼각동,명동
11140108,중구,수하동,명동
11140109,중구,장교동,명동
11140110,중구,수표동,명동
11140111,중구,소공동,소공동
11140112,중구,남창동,회현동
11140113,중구,북창동,소공동
11140114,중구,태평로2가,소공동
11140115,중구,남대문로2가,소공동
11140116,중구,남대문로3가,소공동
11140117,중구,남대문로4가,소공동
11140118,중구,남대문로5가,회현동
11140119,중구,봉래동1가,회현동
11140120,중구,봉래동2가,회현동
11140121,중구,회현동1가,회현동
11140122,중구,회현동2가,회현동
11140123,중구,회현동3가,회현동
11140124,중구,충무로1가,명동
11140125,중구,충무로2가,명동
11140126,중구,명동1가,명동
11140127,중구,명동2가,명동
11140128,중구,남산동1가,명동
11140129,중구,남산동2가,명동
11140130,중구,남산동3가,명동
11140131,중구,저동1가,명동
11140132,중구,충무로4가,광희동
11140133,중구,충무로5가,광희동
11140134,중구,인현동2가,광희동
11140135,중구,예관동,광희동
11140136,중구,묵정동,필동
11140137,중구,필동1가,필동
11140138,중구,필동2가,필동
11140139,중구,필동3가,필동
11140140,중구,남학동,필동
11140141,중구,주자동,필동
11140142,중구,예장동,필동
11140143,중구,장충동1가,장충동
11140144,중구,장충동2가,장충동
11140145,중구,광희동1가,광희동
11140146,중구,광희동2가,광희동
11140147,중구,쌍림동,광희동
11140148,중구,을지로6가,광희동
11140149,중구,을지로7가,광희동
11140150,중구,을지로4가,을지로동
11140151,중구,을지로5가,을지로동
11140152,중구,주교동,을지로동
11140153,중구,방산동,을지로동
11140154,중구,오장동,광희동
11140155,중구,을지로3가,을지로동
11140156,중구,입정동,을지로동
11140157,중구,산림동,을지로동
11140158,중구,충무로3가,필동
11140159,중구,초동,을지로동
11140160,중구,인현동1가,을지로동
11140161,중구,저동2가,을지로동
11140162,중구,신당동,신당동
11140163,중구,흥인동,신당동
11140164,중구,무학동,신당동
11140165,중구,황학동,황학동
11140166,중구,서소문동,소공동
11140167,중구,정동,소공동
11140168,중구,순화동,소공동
11140169,중구,의주로1가,소공동
11140170,중구,충정로1가,소공동
11140171,중구,중림동,중림동
11140172,중구,의주로2가,중림동
11140173,중구,만리동1가,중림동
11140174,중구,만리동2가,중림동
11170101,용산구,후암동,후암동
11170102,용산구,용산동2가,용산동
11170103,용산구,용산동4가,용산동
11170104,용산구,갈월동,남영동
11170105,용산구,남영동,남영동
11170106,용산구,용산동1가,용산동
11170107,용산구,동자동,남영동
11170108,용산구,서계동,청파동
11170109,용산구,청파동1가,청파동
11170110,용산구,청파동2가,청파동
11170111,용산구,청파동3가,청파동
11170112,용산구,원효로1가,원효로동
11170113,용산구,원효로2가,원효로동
11170114,용산구,신창동,원효로동
11170115,용산구,산천동,원효로동
11170116,용산구,청암동,원효로동
11170117,용산구,원효로3가,원효로동
11170118,용산구,원효로4가,원효로동
11170119,용산구,효창동,효창동
11170120,용산구,도원동,용문동
11170121,용산구,용문동,용문동
11170122,용산구,문배동,원효로동
11170123,용산구,신계동,원효로동
11170124,용산구,한강로1가,한강로동
11170125,용산구,한강로2가,한강로동
11170126,용산구,용산동3가,용산동
11170127,용산구,용산동5가,용산동
11170128,용산구,한강로3가,한강로동
11170129,용산구,이촌동,이촌동
11170130,용산구,이태원동,이태원동
11170131,용산구,한남동,한남동
11170132,용산구,동빙고동,서빙고동
11170133,용산구,서빙고동,서빙고동
11170134,용산구,주성동,서빙고동
11170135,용산구,용산동6가,용산동
11170136,용산구,보광동,보광동
11200101,성동구,상왕십리동,왕십리동
11200102,성동구,하왕십리동,왕십리동
11200103,성동구,홍익동,왕십리동
11200104,성동구,도선동,왕십리동
11200105,성동구,마장동,마장동
11200106,성동구,사근동,사근동
11200107,성동구,행당동,행당동
11200108,성동구,응봉동,응봉동
11200109,성동구,금호동1가,금호동
11200110,성동구,금호동2가,금호동
11200111,성동구,금호동3가,금호동
11200112,성동구,금호동4가,금호동
11200113,성동구,옥수동,옥수동
11200114,성동구,성수동1가,성수동
11200115,성동구,성수동2가,성수동
11200118,성동구,송정동,송정동
11200122,성동구,용답동,용답동
11215101,광진구,중곡동,중곡동
11215102,광진구,능동,능동
11215103,광진구,구의동,구의동
11215104,광진구,광장동,광장동
11215105,광진구,자양동,자양동
11215107,광진구,화양동,화양동
11215109,광진구,군자동,군자동
11230101,동대문구,신설동,용신동
11230102,동대문구,용두동,용신동
11230103,동대문구,제기동,제기동
11230104,동대문구,전농동,전농동
11230105,동대문구,답십리동,답십리동
11230106,동대문구,장안동,장안동
11230107,동대문구,청량리동,청량리동
11230108,동대문구,회기동,회기동
11230109,동대문구,휘경동,휘경동
11230110,동대문구,이문동,이문동
11260101,중랑구,면목동,면목동
11260102,중랑구,상봉동,상봉동
11260103,중랑구,중화동,중화동
11260104,중랑구,묵동,묵동
11260105,중랑구,망우동,망우동
11260106,중랑구,신내동,신내동
11290101,성북구,성북동,성북동
11290102,성북구,성북동1가,성북동
11290103,성북구,돈암동,돈암동
11290104,성북구,동소문동1가,성북동
11290105,성북구,동소문동2가,삼선동
11290106,성북구,동소문동3가,삼선동
11290107,성북구,동소문동4가,성북동
11290108,성북구,동소문동5가,삼선동
11290109,성북구,동소문동6가,동선동
11290110,성북구,동소문동7가,동선동
11290111,성북구,삼선동1가,삼선동
11290112,성북구,삼선동2가,삼선동
11290113,성북구,삼선동3가,삼선동
11290114,성북구,삼선동4가,삼선동
11290115,성북구,삼선동5가,삼선동
11290116,성북구,동선동1가,동선동
11290117,성북구,동선동2가,동선동
11290118,성북구,동선동3가,동선동
11290119,성북구,동선동4가,동선동
11290120,성북구,동선동5가,동선동
11290121,성북구,안암동1가,안암동
11290122,성북구,안암동2가,안암동
11290123,성북구,안암동3가,안암동
11290124,성북구,안암동4가,안암동
11290125,성북구,안암동5가,안암동
11290126,성북구,보문동4가,보문동
11290127,성북구,보문동5가,보문동
11290128,성북구,보문동6가,보문동
11290129,성북구,보문동7가,보문동
11290130,성북구,보문동1가,보문동
11290131,성북구,보문동2가,보문동
11290132,성북구,보문동3가,보문동
11290133,성북구,정릉동,정릉동
11290134,성북구,길음동,길음동
11290135,성북구,종암동,종암동
11290136,성북구,하월곡동,월곡동
11290137,성북구,상월곡동,월곡동
11290138,성북구,장위동,장위동
11290139,성북구,석관동,석관동
11305101,강북구,미아동,미아동
11305102,강북구,번동,번동
11305103,강북구,수유동,수유동
11305104,강북구,우이동,우이동
11320105,도봉구,쌍문동,쌍문동
11320106,도봉구,방학동,방학동
11320107,도봉구,창동,창동
11320108,도봉구,도봉동,도봉동
11350102,노원구,월계동,월계동
11350103,노원구,공릉동,공릉동
11350104,노원구,하계동,하계동
11350105,노원구,상계동,상계동
11350106,노원구,중계동,중계동
11380101,은평구,수색동,수색동
11380102,은평구,녹번동,녹번동
11380103,은평구,불광동,불광동
11380104,은평구,갈현동,갈현동
11380105,은평구,구산동,구산동
11380106,은평구,대조동,대조동
11380107,은평구,응암동,응암동
11380108,은평구,역촌동,역촌동
11380109,은평구,신사동,신사동
11380110,은평구,증산동,증산동
11380114,은평구,진관동,진관동
11410101,서대문구,충정로2가,충현동
11410102,서대문구,충정로3가,충현동
11410103,서대문구,합동,충현동
11410104,서대문구,미근동,충현동
11410105,서대문구,냉천동,천연동
11410106,서대문구,천연동,천연동
11410107,서대문구,옥천동,천연동
11410108,서대문구,영천동,천연동
11410109,서대문구,현저동,천연동
11410110,서대문구,북아현동,북아현동
11410111,서대문구,홍제동,홍제동
11410112,서대문구,대현동,신촌동
11410113,서대문구,대신동,신촌동
11410114,서대문구,신촌동,신촌동
11410115,서대문구,봉원동,신촌동
11410116,서대문구,창천동,신촌동
11410117,서대문구,연희동,연희동
11410118,서대문구,홍은동,홍은동
11410119,서대문구,북가좌동,북가좌동
11410120,서대문구,남가좌동,남가좌동
11440101,마포구,아현동,아현동
11440102,마포구,공덕동,공덕동
11440103,마포구,신공덕동,공덕동
11440104,마포구,도화동,도화동
11440105,마포구,용강동,용강동
11440106,마포구,토정동,용강동
11440107,마포구,마포동,도화동
11440108,마포구,대흥동,대흥동
11440109,마포구,염리동,염리동
11440110,마포구,노고산동,대흥동
11440111,마포구,신수동,신수동
11440112,마포구,현석동,신수동
11440113,마포구,구수동,신수동
11440114,마포구,창전동,서강동
11440115,마포구,상수동,서강동
11440116,마포구,하중동,서강동
11440117,마포구,신정동,신수동
11440118,마포구,당인동,서강동
11440120,마포구,서교동,서교동
11440121,마포구,동교동,서교동
11440122,마포구,합정동,합정동
11440123,마포구,망원동,망원동
11440124,마포구,연남동,연남동
11440125,마포구,성산동,성산동
11440126,마포구,중동,중동
11440127,마포구,상암동,상암동
11470101,양천구,신정동,신정동
11470102,양천구,목동,목동
11470103,양천구,신월동,신월동
11500101,강서구,염창동,염창동
11500102,강서구,등촌동,등촌동
11500103,강서구,화곡동,화곡동
11500104,강서구,가양동,가양동
11500105,강서구,마곡동,마곡동
11500106,강서구,내발산동,발산동
11500107,강서구,외발산동,발산동
11500108,강서구,공항동,공항동
11500109,강서구,방화동,방화동
11500110,강서구,개화동,개화동
11500111,강서구,과해동,공항동
11500112,강서구,오곡동,공항동
11500113,강서구,오쇠동,공항동
11530101,구로구,신도림동,신도림동
11530102,구로구,구로동,구로동
11530103,구로구,가리봉동,가리봉동
11530106,구로구,고척동,고척동
11530107,구로구,개봉동,개봉동
11530108,구로구,오류동,오류동
11530109,구로구,궁동,궁동
11530110,구로구,온수동,온수동
11530111,구로구,천왕동,천왕동
11530112,구로구,항동,항동
11545101,금천구,가산동,가산동
11545102,금천구,독산동,독산동
11545103,금천구,시흥동,시흥동
11560101,영등포구,영등포동,영등포동
11560102,영등포구,영등포동1가,영등포동
11560103,영등포구,영등포동2가,영등포동
11560104,영등포구,영등포동3가,영등포동
11560105,영등포구,영등포동4가,영등포동
11560106,영등포구,영등포동5가,영등포동
11560107,영등포구,영등포동6가,영등포동
11560108,영등포구,영등포동7가,영등포동
11560109,영등포구,영등포동8가,영등포동
11560110,영등포구,여의도동,여의도동
11560111,영등포구,당산동1가,당산동
11560112,영등포구,당산동2가,당산동
11560113,영등포구,당산동3가,당산동
11560114,영등포구,당산동4가,당산동
11560115,영등포구,당산동5가,당산동
11560116,영등포구,당산동6가,당산동
11560117,영등포구,당산동,당산동
11560118,영등포구,도림동,도림동
11560119,영등포구,문래동1가,문래동
11560120,영등포구,문래동2가,문래동
11560121,영등포구,문래동3가,문래동
11560122,영등포구,문래동4가,문래동
11560123,영등포구,문래동5가,문래동
11560124,영등포구,문래동6가,문래동
11560125,영등포구,양평동1가,양평동
11560126,영등포구,양평동2가,양평동
11560127,영등포구,양평동3가,양평동
11560128,영등포구,양평동4가,양평동
11560129,영등포구,양평동5가,양평동
11560130,영등포구,양평동6가,양평동
11560131,영등포구,양화동,양화동
11560132,영등포구,신길동,신길동
11560133,영등포구,대림동,대림동
11560134,영등포구,양평동,양평동
11590101,동작구,노량진동,노량진동
11590102,동작구,상도동,상도동
11590103,동작구,상도1동,상도동
11590104,동작구,본동,노량진동
11590105,동작구,흑석동,흑석동
11590106,동작구,동작동,동작동
11590107,동작구,사당동,사당동
11590108,동작구,대방동,대방동
11590109,동작구,신대방동,신대방동
11620101,관악구,봉천동,봉천동
11620102,관악구,신림동,신림동
11620103,관악구,남현동,남현동
11650101,서초구,방배동,방배동
11650102,서초구,양재동,양재동
11650103,서초구,우면동,우면동
11650104,서초구,원지동,원지동
11650106,서초구,잠원동,잠원동
11650107,서초구,반포동,반포동
11650108,서초구,서초동,서초동
11650109,서초구,내곡동,내곡동
11650110,서초구,염곡동,내곡동
11650111,서초구,신원동,내곡동
11680101,강남구,역삼동,역삼동
11680103,강남구,개포동,개포동
11680104,강남구,청담동,청담동
11680105,강남구,삼성동,삼성동
11680106,강남구,대치동,대치동
11680107,강남구,신사동,신사동
11680108,강남구,논현동,논현동
11680110,강남구,압구정동,압구정동
11680111,강남구,세곡동,세곡동
11680112,강남구,자곡동,세곡동
11680113,강남구,율현동,세곡동
11680114,강남구,일원동,일원동
11680115,강남구,수서동,수서동
11680118,강남구,도곡동,도곡동
11710101,송파구,잠실동,잠실동
11710102,송파구,신천동,신천동
11710103,송파구,풍납동,풍납동
11710104,송파구,송파동,송파동
11710105,송파구,석촌동,석촌동
11710106,송파구,삼전동,삼전동
11710107,송파구,가락동,가락동
11710108,송파구,문정동,문정동
11710109,송파구,장지동,장지동
11710109,송파구,장지동,위례동
11710111,송파구,방이동,방이동
11710112,송파구,오금동,오금동
11710113,송파구,거여동,거여동
11710113,송파구,거여동,위례동
11710114,송파구,마천동,마천동
11740101,강동구,명일동,명일동
11740102,강동구,고덕동,고덕동
11740103,강동구,상일동,상일동
11740105,강동구,길동,길동
11740106,강동구,둔촌동,둔촌동
11740107,강동구,암사동,암사동
11740108,강동구,성내동,성내동
11740109,강동구,천호동,천호동
11740110,강동구,강일동,강일동
